{"cameraMode":{"drawMode":0,"name":"Shaded","section":"Shading Mode"},"sceneLighting":false,"audioPlay":false,"sceneViewState":{"m_AlwaysRefresh":false,"showFog":true,"showSkybox":false,"showFlares":true,"showImageEffects":true,"showParticleSystems":true,"showVisualEffectGraphs":true,"m_FxEnabled":true},"in2DMode":false,"pivot":{"x":-0.0545198917388916,"y":1.2594459056854249,"z":0.10962438583374024},"rotation":{"x":-0.22994378209114076,"y":0.2374313473701477,"z":-0.057949718087911609,"w":-0.942035973072052},"size":1.6489214897155762,"orthographic":false}